pp1	NODE_1_length_358132_cov_36.497541	136939	158789	135239	135251	159186	159198	AGCGTGCCGGTT	AGCGTGCCGGTT	Longest Repeat flanking phage and within 2000 bp
pp2	NODE_5_length_227699_cov_44.442760	197672	227646	198252	198264	227083	227095	ATATGGATATCC	ATATGGATATCC	Longest Repeat flanking phage and within 2000 bp
pp3	NODE_6_length_203916_cov_33.181560	970	3625	2901	2913	2921	2933	AAAAAAAACCGA	TCGGTTTTTTTT	Longest Repeat flanking phage and within 2000 bp
pp4	NODE_13_length_139969_cov_44.936680	66188	95156	70067	70082	92491	92506	CATGACGTCATCAAT	CATGACGTCATCAAT	Longest Repeat flanking phage and within 2000 bp
pp5	NODE_26_length_61631_cov_37.205446	19580	53561	19467	19486	55496	55515	ACAAAAAACGCGCCCGAAG	ACAAAAAACGCGCCCGAAG	Longest Repeat flanking phage and within 2000 bp
pp6	NODE_34_length_48926_cov_9.995107	1085	21101	3303	3318	23051	23066	GGAACATTGTGCTGG	GGAACATTGTGCTGG	Longest Repeat flanking phage and within 2000 bp
pp7	NODE_34_length_48926_cov_9.995107	37082	41446	36728	36741	42987	43000	GAATTTGCAGCTG	GAATTTGCAGCTG	Longest Repeat flanking phage and within 2000 bp
pp8	NODE_58_length_12714_cov_38.92823	43	9427	368	382	7736	7750	TTCTGGATGCGGTG	TTCTGGATGCGGTG	Longest Repeat flanking phage and within 2000 bp
pp9	NODE_60_length_12406_cov_41.655528	136	10942	2681	2693	10447	10459	CTGCACAACAAA	CTGCACAACAAA	Longest Repeat flanking phage and within 2000 bp
pp10	NODE_63_length_10442_cov_32.252967	361	9553	4483	4495	5991	6003	GCTCCTGTTCAG	CTGAACAGGAGC	Longest Repeat flanking phage and within 2000 bp
pp11	NODE_66_length_7514_cov_60.96544	508	7264	313	324	6929	6940	GAAAAACAGTT	GAAAAACAGTT	Longest Repeat flanking phage and within 2000 bp
pp12	NODE_67_length_7173_cov_37.370490	205	6987	3684	3696	3990	4002	TATGGCGGGTCT	AGACCCGCCATA	Longest Repeat flanking phage and within 2000 bp